"","ClusterNumber","AAe1","AAe3","AAr1","AAr2","AAr3","ACa1","ACa2","ACa3","AFi1","AFi2","AFu1","AFu2","AFu3","ALa1","ALa2","ALa3","Sequence","Seqs_per_Cluster","Protein.name","Organism","Gene.name","UniProt.accession","qseqid","sseqid","pident","length","mismatch","gapopen","qstart","qend","sstart","send","evalue","bitscore","salltitles","Seqs_length"
"S0109",109,0,0,0,0,0,0,3,0,0,0,0,0,0,0,0,0,"AIPVHLHEHLGIDRNEFHREVRPSWKLGLRFEWGARDVPHINYTFDKYLDQRIEGLSRWNAFYCLHDMRDASTFNAIMDRDRSPANIRNGRLSLDPRATYHIPNTSFIDYLERKAVASGAELIADQVVSVERNESGGVKSLKLAGDRE",1,"TH ","Nostoc linckia NIES-25 ","NIES25_46520","A0A1Z4LA92","S0109","tr|A0A1Z4LA92|A0A1Z4LA92_NOSLI",39.5,152,85,2,2,146,54,205,5.8e-28,119,"tr|A0A1Z4LA92|A0A1Z4LA92_NOSLI Tryptophan halogenase OS=Nostoc linckia NIES-25 GN=NIES25_46520 PE=4 SV=1",148
"S0240",11,0,0,0,3,0,0,0,0,0,0,0,0,0,0,0,0,"AVPLHLHEHLGIDRNEFHKEVRPSWKLGLRFEWGAKDVPHFNYTFDKYLDQRIEGLSKWNAFYCLHDMRDTSAFNAIMDRDRSPATIRNGRLSLDPRATYHIPNASFIDFLERRSLASGAESIADQVVNVERSDSGGVKSLKLAGGRELEADLFV",1,"TH ","Nostoc linckia NIES-25 ","NIES25_46520","A0A1Z4LA92","S0240","tr|A0A1Z4LA92|A0A1Z4LA92_NOSLI",38.7,155,94,1,2,155,54,208,1.4e-29,124.4,"tr|A0A1Z4LA92|A0A1Z4LA92_NOSLI Tryptophan halogenase OS=Nostoc linckia NIES-25 GN=NIES25_46520 PE=4 SV=1",155
"S0243",23,0,0,0,3,0,0,0,0,0,0,0,0,0,0,0,0,"AVPLHLHEHLGIDRNEFHREVRPSWKLGLRFEWGAKDVPHFNYTFDKYLDQRIEGLSKWNAFYCLHDMRDASAFNAIMDRDRSPATIRNGRLSLDPRATYHIPNASFIDFLERRSLTSGAELIADQVVNVERNDSGGIKSLKLAAAASSRRTCS",1,"TH ","Nostoc linckia NIES-25 ","NIES25_46520","A0A1Z4LA92","S0243","tr|A0A1Z4LA92|A0A1Z4LA92_NOSLI",39.9,138,82,1,2,138,54,191,1.7e-27,117.5,"tr|A0A1Z4LA92|A0A1Z4LA92_NOSLI Tryptophan halogenase OS=Nostoc linckia NIES-25 GN=NIES25_46520 PE=4 SV=1",154
"S0245",14,0,0,5,108,0,0,0,0,0,0,0,0,0,0,0,10,"AVPLHLHEHLGIDRNEFHREVRPSWKLGLRFEWGAKDVPHFNYTFDKYLDQRIEGLSKWNAFYCLHDMRDASAFNAIMDRDRSPATIRNGRLSLDPRATYHIPNASFIDFLERRSLTSGAELIADQVVNVERNDSGGIKSLKLAGGRELEADLF",11,"TH ","Calothrix sp. NIES-2100 ","NIES2100_12410","A0A1Z4GVL5","S0245","tr|A0A1Z4GVL5|A0A1Z4GVL5_9CYAN",39.4,155,90,2,3,154,55,208,8.3e-30,125.2,"tr|A0A1Z4GVL5|A0A1Z4GVL5_9CYAN Tryptophan halogenase OS=Calothrix sp. NIES-2100 GN=NIES2100_12410 PE=4 SV=1",154
"S0272",17,0,0,211,460,0,0,0,0,0,0,0,0,0,0,0,15,"AVPVHLHEHLGIDRNEFHKEVRPSWKLGLRFEWGAKDVPHFNYTFDKYLDQKIEGLSRWNAFYCLHDLRDASTFNAIMDRNRSPATIRNGRLSLDPRATYHIPNASFIDYLERESVASGAELIADQVVSVKRNESGGVKSLKLAGGRELEADL",51,"TH ","Calothrix sp. NIES-2100 ","NIES2100_12410","A0A1Z4GVL5","S0272","tr|A0A1Z4GVL5|A0A1Z4GVL5_9CYAN",39.6,154,89,2,3,153,55,207,8.3e-30,125.2,"tr|A0A1Z4GVL5|A0A1Z4GVL5_9CYAN Tryptophan halogenase OS=Calothrix sp. NIES-2100 GN=NIES2100_12410 PE=4 SV=1",153
"S0278",133,0,0,0,0,4,0,0,0,0,0,0,0,0,0,0,0,"AVPVHLHEHLGIDRNEFHKEVRPSWKLGLRFEWGAKDVPHFNYTFDKYLDQRIEGLSRWNAFYCLHDMRDASTFNAIMDRDRSPANIRNGRLSLDPRATYHIPNASLINYLERKSVASGAELIADQVVDVARNDSGGVKSVRLAG",1,"TH ","Calothrix sp. NIES-2100 ","NIES2100_12410","A0A1Z4GVL5","S0278","tr|A0A1Z4GVL5|A0A1Z4GVL5_9CYAN",40.7,140,79,2,3,139,55,193,3.3e-28,119.8,"tr|A0A1Z4GVL5|A0A1Z4GVL5_9CYAN Tryptophan halogenase OS=Calothrix sp. NIES-2100 GN=NIES2100_12410 PE=4 SV=1",145
"S0279",112,5,6,0,0,0,0,0,0,0,0,0,0,0,0,0,0,"AVPVHLHEHLGIDRNEFHKEVRPSWKLGLRFEWGAKGVPHFNYTFDKYLDQRIEGLSRWNAFYCLHDMRDASAFNAIMDRNRSPATIRSGRLSLDPRATYHIPNASFIDYLERKSVSSGAELIADQVVSVERNESGGVKSLKLAAGRE",2,"TH ","Nostoc linckia NIES-25 ","NIES25_46520","A0A1Z4LA92","S0279","tr|A0A1Z4LA92|A0A1Z4LA92_NOSLI",38.3,141,86,1,2,141,54,194,9.8e-28,118.2,"tr|A0A1Z4LA92|A0A1Z4LA92_NOSLI Tryptophan halogenase OS=Nostoc linckia NIES-25 GN=NIES25_46520 PE=4 SV=1",148
"S0292",66,0,0,0,0,3,0,0,0,0,0,0,0,0,0,0,0,"AVPVHLHEHLGIDRNEFHKEVRPSWKLGPRFEWGARDVPHFNYTFDKYLDQRTEGLSRRNAFYCLHDMRDASTFNAIMDRDRSPANIRNGRLSLDPRATYHIPNASFIDHLERKSVASGAELIADQVVSVERNESGGANSLKLAGGRELEA",1,"TH ","Nostoc linckia NIES-25 ","NIES25_46520","A0A1Z4LA92","S0292","tr|A0A1Z4LA92|A0A1Z4LA92_NOSLI",38.2,136,83,1,2,136,54,189,1.6e-25,110.9,"tr|A0A1Z4LA92|A0A1Z4LA92_NOSLI Tryptophan halogenase OS=Nostoc linckia NIES-25 GN=NIES25_46520 PE=4 SV=1",151
"S0302",80,0,0,0,0,0,0,0,0,0,0,0,0,3,0,0,0,"AVPVHLHEHLGIDRNEFHREVRPSWKLGLRFEWGAKDVHHFNYTFDKYLDQRIEGLSRWNAFYCLHEMRDASAFNAIMDRDRSRANIRNGRLSLDPRATYHIPNASFIDYLERKSVLRSRTDRRPGCQRGAQPVGRREVAEVGRRPRAR",1,"TH ","Calothrix sp. NIES-2100 ","NIES2100_12410","A0A1Z4GVL5","S0302","tr|A0A1Z4GVL5|A0A1Z4GVL5_9CYAN",43.1,116,62,2,3,115,55,169,8.7e-24,105.1,"tr|A0A1Z4GVL5|A0A1Z4GVL5_9CYAN Tryptophan halogenase OS=Calothrix sp. NIES-2100 GN=NIES2100_12410 PE=4 SV=1",149
"S0310",7,0,0,0,0,130,228,138,20,0,115,14,13,14,204,87,4,"AVPVHLHEHLGIDRNEFHREVRPSWKLGLRFEWGAKDVPHFNYTFDKYLDQRIEGLSRWNAFYCLHDMRDASAFNAIMDRDRSPANIRNGRLSLDPRATYHIPNASFIDYLERKSVASGAELIADQVVSVERNESGGVGSLRLAGGREL",72,"TH ","Calothrix sp. NIES-2100 ","NIES2100_12410","A0A1Z4GVL5","S0310","tr|A0A1Z4GVL5|A0A1Z4GVL5_9CYAN",40.1,142,81,2,3,141,55,195,7.6e-28,118.6,"tr|A0A1Z4GVL5|A0A1Z4GVL5_9CYAN Tryptophan halogenase OS=Calothrix sp. NIES-2100 GN=NIES2100_12410 PE=4 SV=1",149
"S0319",13,0,0,0,0,13,3,10,25,166,31,0,0,0,0,12,0,"AVPVHLHEHLGIDRNEFHREVRPSWKLGLRFEWGAKDVPHFNYTFDKYLDQRIEGLSRWNAFYCLHDMRDASPFNAIMDRNRSPANIRNGRLSLDPRATYHIPNASFIDYLERKSVASGAELIADEVTNVERSESGGVKSLKLAGGRELEA",30,"TH ","Calothrix sp. NIES-2100 ","NIES2100_12410","A0A1Z4GVL5","S0319","tr|A0A1Z4GVL5|A0A1Z4GVL5_9CYAN",39.5,152,88,2,3,151,55,205,1.5e-28,120.9,"tr|A0A1Z4GVL5|A0A1Z4GVL5_9CYAN Tryptophan halogenase OS=Calothrix sp. NIES-2100 GN=NIES2100_12410 PE=4 SV=1",151
"S0360",46,0,0,0,0,0,0,0,0,0,3,0,0,0,0,0,0,"AVPVHLHEHLGIDRNEFHREVRPSWKLGLRFEWGARDVPHFNYTFDKYLDQRIEGLSRWNAFYCLHDMRDASTFNAIMDRDRSPANIRNGRLSLDPRDVPHTQRLIHRLPGAQIGGLRCGADRRPRGERRAQRVGRRQLAEAGRRSRARGGP",1,"TH ","Calothrix sp. NIES-2100 ","NIES2100_12410","A0A1Z4GVL5","S0360","tr|A0A1Z4GVL5|A0A1Z4GVL5_9CYAN",51.2,82,40,0,3,84,55,136,5.7e-23,102.4,"tr|A0A1Z4GVL5|A0A1Z4GVL5_9CYAN Tryptophan halogenase OS=Calothrix sp. NIES-2100 GN=NIES2100_12410 PE=4 SV=1",152
"S0369",55,0,0,0,0,0,0,0,4,0,0,0,0,0,4,0,0,"AVPVHLHEHLGIDRNESHREVRPSRKLGLRFEWGARDVPHFNYTFDKYHDQRIEGLSRWNAFYCLHDMRDASTFNAIMDRDRSPANIRNGRLSLDPRATYHIPNASFINYLERKSVASGAELIADQVVDVARSESGGVKSVRLAGGRELKA",2,"TH ","Calothrix sp. NIES-2100 ","NIES2100_12410","A0A1Z4GVL5","S0369","tr|A0A1Z4GVL5|A0A1Z4GVL5_9CYAN",40,140,80,2,3,139,55,193,5.5e-26,112.5,"tr|A0A1Z4GVL5|A0A1Z4GVL5_9CYAN Tryptophan halogenase OS=Calothrix sp. NIES-2100 GN=NIES2100_12410 PE=4 SV=1",151
"S0650",105,0,0,0,0,0,0,0,3,0,0,0,3,0,0,0,0,"DHGQVPPRLPRTRCPRALREGAAHLEVRRQVRVGPARRLLFQLRLPPRPHPRRRLLRRRLQRVLSRLAPHLQRARPHRGQRGGQLTSLIDRIPFAYHLDNGRFVAYLKEQAVRDGVELLELSVTEFVPTEDGEALDHVVTDDGEERRF",2,"THf ","Psychrobacter sp. D8",NA,"K7W8V2","S0650","tr|K7W8V2|K7W8V2_9GAMM",87.1,62,8,0,82,143,90,151,1.8e-26,114,"tr|K7W8V2|K7W8V2_9GAMM Tryptophan halogenase (Fragment) OS=Psychrobacter sp. D8 PE=4 SV=1",148
"S0652",104,0,0,0,0,0,0,0,5,0,0,0,0,0,0,0,0,"DHGQVPPRLPRTRCPRALREGAAHLEVRRQVRVGPARRLLFQLRLPPRPILDAVYYGGDFNEYSLGSLLISNERAPIVANEGGQLTSLIDRIPFAYHLDNGRFVAYLKEQAVRDGVELLELSVTEFVPTEDGEALDHVVTDDGEERRF",1,"THf ","Psychrobacter sp. D8",NA,"K7W8V2","S0652","tr|K7W8V2|K7W8V2_9GAMM",85.1,94,14,0,50,143,58,151,4.8e-43,169.1,"tr|K7W8V2|K7W8V2_9GAMM Tryptophan halogenase (Fragment) OS=Psychrobacter sp. D8 PE=4 SV=1",148
"S0654",102,6,3,0,0,0,0,0,0,0,0,0,0,0,0,0,0,"DHGQVPPRLPRTRRPRALPQGAAHLEVRGQVRVGPARRLLLQLRLPPRPRARLRLLRRRLQRVLPRLDAHLQRARAHPHRRRGQLTSLIDRIPFAYHLDNGRFVAYLREEAVRDGVERLELSVDSFVPAEDGESLDHIVTDDGEERRF",1,"THf ","Psychrobacter sp. D8",NA,"K7W8V2","S0654","tr|K7W8V2|K7W8V2_9GAMM",96.7,61,2,0,83,143,91,151,2e-28,120.6,"tr|K7W8V2|K7W8V2_9GAMM Tryptophan halogenase (Fragment) OS=Psychrobacter sp. D8 PE=4 SV=1",148
"S0656",103,3,9,0,0,0,0,0,0,0,0,0,0,0,0,0,0,"DHGQVPPRLPRTRRPRALPQGAAHLEVRGQVRVGPARRLLLQLRLPPRPVLDSVYYGGDFNEYSLGSMLISNERAPILTGEGGQLTSLIDRIPFAYHLDNGRFVAYLREEAVRDGVERLELSVDSFVPAEDGESLDHIVTDDGEERRF",2,"THf ","Psychrobacter sp. D8",NA,"K7W8V2","S0656","tr|K7W8V2|K7W8V2_9GAMM",97.8,92,2,0,52,143,60,151,3.2e-47,183,"tr|K7W8V2|K7W8V2_9GAMM Tryptophan halogenase (Fragment) OS=Psychrobacter sp. D8 PE=4 SV=1",148
"S0657",114,4,4,0,0,0,0,0,0,0,0,0,0,0,0,0,0,"DHGQVPPRLPRTRRPRALPQGAAHLEVRGQVRVGQPGDYYFNYAFHPGPVLDSVYYGGDFNEYSLGSMLISNERAPILTGEGGQLTSLIDRIPFAYHLDNGRFVAYLREEAVRDGVERLELSVDSFVPAEDGESLDHIVTDDGEERRF",1,"THf ","Psychrobacter sp. D8",NA,"K7W8V2","S0657","tr|K7W8V2|K7W8V2_9GAMM",98.2,110,2,0,34,143,42,151,7.4e-60,224.9,"tr|K7W8V2|K7W8V2_9GAMM Tryptophan halogenase (Fragment) OS=Psychrobacter sp. D8 PE=4 SV=1",148
"S0694",8,0,0,0,0,0,0,0,0,0,0,0,0,0,0,89,77,"DIRGTLAAIGIDEIDFLKAVDGTFKQSIRFVNWLDERRRFYHHPFSRYSSGPHDAGRRWLMSDRSVPYINTVSAQPVFCEMGLAPKTLANQDAGFSLDYAFHMDAQKFAHQLTEFATARGVTHHLDNVVDVDMHGNGHIAAVRTESGERIEA",19,"TH ","Dehalococcoidales bacterium ","CL877_08920","A0A2E9M8J4","S0694","tr|A0A2E9M8J4|A0A2E9M8J4_9CHLR",69.9,153,45,1,1,152,56,208,1.7e-59,223.8,"tr|A0A2E9M8J4|A0A2E9M8J4_9CHLR Tryptophan halogenase OS=Dehalococcoidales bacterium GN=CL877_08920 PE=4 SV=1",152
"S0695",18,0,0,0,0,0,0,0,0,0,0,0,0,0,0,0,57,"DIRGTLAAIGIDEIDFLKAVDGTFKQSIRFVNWLDERRRFYHHPFSRYSSGPHDAGRRWLMSDRSVPYINTVSAQPVFCEMGLAPKTLANQDAGFSLDYAFHMDAQKFAHQLTEFATARGVTHHLDNVVDVDMHGNGHIAAVRTESGERIEADL",4,"TH ","Dehalococcoidales bacterium ","CL877_08920","A0A2E9M8J4","S0695","tr|A0A2E9M8J4|A0A2E9M8J4_9CHLR",70.3,155,45,1,1,154,56,210,1.2e-60,227.6,"tr|A0A2E9M8J4|A0A2E9M8J4_9CHLR Tryptophan halogenase OS=Dehalococcoidales bacterium GN=CL877_08920 PE=4 SV=1",154
"S0697",52,0,0,0,0,0,0,0,0,0,0,0,0,0,0,0,3,"DIRGTLAAIGIDEIDFLKAVDGTFKQSIRFVNWLDERRRFYHHPFSRYSSGPHDAGRRWLMSDRSVPYINTVSAQPVFCEMGLAPKTLANQDAGFSLDYAFHMDAQKFAHQLTEFATARGVTHHLDTSSMSTCTATATSPPCAPNPASGSKP",1,"TH ","Dehalococcoidales bacterium ","CL877_08920","A0A2E9M8J4","S0697","tr|A0A2E9M8J4|A0A2E9M8J4_9CHLR",70.1,127,37,1,1,126,56,182,1.8e-48,187.2,"tr|A0A2E9M8J4|A0A2E9M8J4_9CHLR Tryptophan halogenase OS=Dehalococcoidales bacterium GN=CL877_08920 PE=4 SV=1",152
"S0744",108,0,0,0,0,0,3,0,0,0,0,0,0,0,0,0,0,"DPDHLSRSDQGQGAGFSQGDPGHLQARHQVRKLRDVNEDYIHSFGWTGKDSWAAGFQHFWLKGLQMGISREFGEYCNEWAAAVQNKFAVMPSLGLNYAYHIDASLYAKFLRGLAEEHGAVRQEGKIEFVEQDPDSGYITAIRLQSGQV",1,"TH ","marine gamma proteobacterium HTCC2080 ","MGP2080_05997","A0Z0U8","S0744","tr|A0Z0U8|A0Z0U8_9GAMM",71.7,113,32,0,35,147,89,201,1.2e-46,181,"tr|A0Z0U8|A0Z0U8_9GAMM Tryptophan halogenase OS=marine gamma proteobacterium HTCC2080 GN=MGP2080_05997 PE=4 SV=1",148
"S0888",19,0,0,0,0,0,0,0,0,3,0,0,0,0,0,0,0,"DRPRPLARAPGHRSQRVPPGGPPQLEAGSALRVGREGCAPLQLHLRQVPRPAHRRPLPLNAFYCLHDMRDASPFNAIMDRNRSPANIRNGRLSLDPRATYHIPNASFIDYLERKSVASGAELIADEVTNVERSESGGVKSLKLAGGRELEADLFV",1,"TH ","uncultured organism",NA,"T1WAM0","S0888","tr|T1WAM0|T1WAM0_9ZZZZ",39.5,76,35,3,90,155,143,217,1.7e-06,47.8,"tr|T1WAM0|T1WAM0_9ZZZZ Tryptophan halogenase OS=uncultured organism PE=4 SV=1",155
"S0923",62,0,0,0,0,0,3,0,0,0,0,0,0,0,0,0,0,"DVAHPARTPEDQGAGLRAGGAGDVQARHLVRELARRRPRLHPLVRLDREGQLGGGLPALLAQGPAAGDQPGVRRVLQGVGGRPQGPLRGAAERGLNYAYHLDASLYAAFLRRMAEDNGAVRREGRIESVERDPESGFLTALRLQSGQRVEG",1,"TH ","Hyphomonadaceae bacterium BRH_c29 ","VR75_15785","A0A0F2QFJ7","S0923","tr|A0A0F2QFJ7|A0A0F2QFJ7_9RHOB",67.7,62,20,0,90,151,144,205,1.6e-17,84.3,"tr|A0A0F2QFJ7|A0A0F2QFJ7_9RHOB Tryptophan halogenase OS=Hyphomonadaceae bacterium BRH_c29 GN=VR75_15785 PE=4 SV=1",151
"S1185",166,0,0,0,0,0,0,0,0,0,0,0,0,0,0,0,4,"ERPADGSYRSIRVRIKGQDSWAAGFQHFWLKGRKMGISREFGEYCKEWLAAKRNRFAVMAMQGLNYAYHIDASLYARFLRGMAEEHGAVRQEGRIDRVEQDPGSGFITGLRLQSGQLVEG",1,"TH ","marine gamma proteobacterium HTCC2080 ","MGP2080_05997","A0Z0U8","S1185","tr|A0Z0U8|A0Z0U8_9GAMM",69.2,104,32,0,17,120,102,205,3.1e-40,159.5,"tr|A0Z0U8|A0Z0U8_9GAMM Tryptophan halogenase OS=marine gamma proteobacterium HTCC2080 GN=MGP2080_05997 PE=4 SV=1",120
"S1368",36,0,0,4,0,0,0,0,0,0,0,0,0,0,0,0,0,"GGAGPPARAPGHRPQRVSQRGAAKLEAGPALRVGAKDVPHFNYTFDKYLDQKIEGLSRWNAFYCLHDLRDASTFNAIMDRNRSPATIRNGRLSLDPRATYHIPNASFIDYLERESVASGAELIADQVVSVKRNESGGVKSLKLAGGRELEADL",1,"TH ","Novosphingobium barchaimii LL02 ","V474_16230","A0A0J7XXQ8","S1368","tr|A0A0J7XXQ8|A0A0J7XXQ8_9SPHN",32.9,76,51,0,77,152,135,210,6.4e-06,45.8,"tr|A0A0J7XXQ8|A0A0J7XXQ8_9SPHN Tryptophan halogenase OS=Novosphingobium barchaimii LL02 GN=V474_16230 PE=4 SV=1",153
"S1442",49,0,0,0,0,0,0,0,0,0,0,0,0,0,3,0,0,"GRVPLHLHESLGISRDEFHRQVRPSWKLGLRLEWGAEHVPHFNYSFDRYLEKHVPGLDKRAAYYCLADPRDCSVLNAMMDRARSPVTLEGRQFAIDPRAAYHLPNDRFVDYLQRKSRESGATLIEDEVQDVVLAVSGDVERLRLKSGREVRG",1,"TH ","Rubritalea squalenifaciens DSM 18772 ","SAMN02745181_0062","A0A1M6AX62","S1442","tr|A0A1M6AX62|A0A1M6AX62_9BACT",37.9,153,91,3,3,152,51,202,2.8e-22,100.1,"tr|A0A1M6AX62|A0A1M6AX62_9BACT Tryptophan halogenase OS=Rubritalea squalenifaciens DSM 18772 GN=SAMN02745181_0062 PE=4 SV=1",152
"S1535",99,0,0,0,6,0,0,0,0,0,0,0,0,0,0,0,0,"HHGQVPPRLPRTGRARALPQGAAHLEVRGQVRVGPARGLLLQLRLPPRPHPRFGLLRRRLQRLLPRLPPHLQRARPIVTNEGGQLTSLIDRIPFAYHLDNGRFVAYLKEQAVADGVELLERSVTDFIPADDGESLDHIVTDDGEERRF",2,"THf ","Psychrobacter sp. D8",NA,"K7W8V2","S1535","tr|K7W8V2|K7W8V2_9GAMM",82.1,67,12,0,77,143,85,151,1.1e-26,114.8,"tr|K7W8V2|K7W8V2_9GAMM Tryptophan halogenase (Fragment) OS=Psychrobacter sp. D8 PE=4 SV=1",148
"S1537",98,0,0,0,7,0,0,0,0,0,0,0,0,0,0,0,0,"HHGQVPPRLPRTGRARALPQGAAHLEVRGQVRVGPARGLLLQLRLPPRPILDSVYYGGAFNDYSLGSLLISNERAPIVTNEGGQLTSLIDRIPFAYHLDNGRFVAYLKEQAVADGVELLERSVTDFIPADDGESLDHIVTDDGEERRF",2,"THf ","Psychrobacter sp. D8",NA,"K7W8V2","S1537","tr|K7W8V2|K7W8V2_9GAMM",83.7,92,15,0,52,143,60,151,2.3e-40,160.2,"tr|K7W8V2|K7W8V2_9GAMM Tryptophan halogenase (Fragment) OS=Psychrobacter sp. D8 PE=4 SV=1",148
"S1538",97,0,0,0,3,0,0,0,0,0,0,0,0,0,0,0,0,"HHGQVPPRLPRTGRARALPQGAAHLEVRVKFEWGQPGDYYFNYAFHPGPILDSVYYGGAFNDYSLGSLLISNERAPIVTNEGGQLTSLIDRIPFAYHLDNGRFVAYLKEQAVADGVELLERSVTDFIPADDGESLDHIVTDDGEERRF",1,"THf ","Psychrobacter sp. D8",NA,"K7W8V2","S1538","tr|K7W8V2|K7W8V2_9GAMM",86.1,115,16,0,29,143,37,151,1.7e-56,213.8,"tr|K7W8V2|K7W8V2_9GAMM Tryptophan halogenase (Fragment) OS=Psychrobacter sp. D8 PE=4 SV=1",148
"S1564",33,0,0,0,0,0,0,0,0,0,0,0,0,0,0,0,3,"HPRHPRRHRHRRDRLPQGRGRHVQAVHSLRQLAGRAPPLLHHPFSRYSSGPHDAGRRWLMSDRSVPYINTVSAQPVFCEMGLAPKTLANQDAGFSLDYAFHTDAQKFAHQLTEFATARGVTHHLDNVVDVDMHGNGHIAAVRTESGERIEADL",1,"TH ","Dehalococcoidales bacterium ","CL877_08920","A0A2E9M8J4","S1564","tr|A0A2E9M8J4|A0A2E9M8J4_9CHLR",67.5,114,36,1,41,153,97,210,1.4e-40,161,"tr|A0A2E9M8J4|A0A2E9M8J4_9CHLR Tryptophan halogenase OS=Dehalococcoidales bacterium GN=CL877_08920 PE=4 SV=1",153
"S1664",82,0,0,0,0,0,0,0,309,0,0,0,127,4,0,0,0,"IMVKFLHAYLERDVHELYEKVQPTWKFGVKFEWGQPGDYYFNYAFHPGPILDAVYYGGDFNEYSLGSLLISNERAPIVANEGGQLTSLIDRIPFAYHLDNGRFVAYLKEQAVRDGVELLELSVTEFVPTEDGEALDHVVTDDGEERRF",32,"THf ","Psychrobacter sp. D8",NA,"K7W8V2","S1664","tr|K7W8V2|K7W8V2_9GAMM",89.5,143,15,0,1,143,9,151,1.3e-75,277.3,"tr|K7W8V2|K7W8V2_9GAMM Tryptophan halogenase (Fragment) OS=Psychrobacter sp. D8 PE=4 SV=1",148
"S1689",88,0,0,0,0,0,0,0,0,0,0,0,0,5,4,0,0,"IMVKFLHAYLERDVHELYRKVQPTWKFGVKFEWGQPGDSYFNYAFHPGPVLDSVYYGGDFNEYSLGSLLISNERAPIVTNQGGQLTSLIDRIPFAYHLDNGRFVAYLKEQAVRDGVELLERSVDEFVPTEDGEELDHVVTDDGEERRF",2,"THf ","Psychrobacter sp. D8",NA,"K7W8V2","S1689","tr|K7W8V2|K7W8V2_9GAMM",90.9,143,13,0,1,143,9,151,7.4e-76,278.1,"tr|K7W8V2|K7W8V2_9GAMM Tryptophan halogenase (Fragment) OS=Psychrobacter sp. D8 PE=4 SV=1",148
"S1691",87,3,11,0,0,0,0,0,0,0,0,0,0,0,0,0,0,"IMVKFLHAYLERDVHELYRKVQPTWKFGVKFEWGQPGDYYFNYAFHPAPCSTPSTTAATSTSTPSARCSSPTSARPSSPAKGGSSPPSSIASPSPTTSTTAASSPTCARRPCATAWSALSCPSTPSSRLRMARASTTSSPTTARSAAS",2,"THf ","Psychrobacter sp. D8",NA,"K7W8V2","S1691","tr|K7W8V2|K7W8V2_9GAMM",100,46,0,0,1,46,9,54,2.3e-24,107.1,"tr|K7W8V2|K7W8V2_9GAMM Tryptophan halogenase (Fragment) OS=Psychrobacter sp. D8 PE=4 SV=1",148
"S1714",74,0,0,32,952,0,0,0,0,0,0,0,0,62,9,0,0,"IMVKFLHAYLERDVHELYRKVQPTWKFGVKFEWGQPGDYYFNYAFHPGPILDSVYYGGAFNDYSLGSLLISNERAPIVTNEGGQLTSLIDRIPFAYHLDNGRFVAYLKEQAVADGVELLERSVTDFIPADDGESLDHIVTDDGEERRF",109,"THf ","Psychrobacter sp. D8",NA,"K7W8V2","S1714","tr|K7W8V2|K7W8V2_9GAMM",88.8,143,16,0,1,143,9,151,2.4e-74,273.1,"tr|K7W8V2|K7W8V2_9GAMM Tryptophan halogenase (Fragment) OS=Psychrobacter sp. D8 PE=4 SV=1",148
"S1751",85,0,0,0,0,14,0,0,0,0,12,10,0,19,72,9,26,"IMVKFLHAYLERDVHELYRKVQPTWKFGVKFEWGQPGDYYFNYAFHPGPILDSVYYGGDFNDYSLGSFLISNERAPIVANEGGQLTSLIDRIPFAYHLDNGRFVAYLKEQAVRDGVELLERSVDEFVPTEDGEELDHVVTDDGEERRF",11,"THf ","Psychrobacter sp. D8",NA,"K7W8V2","S1751","tr|K7W8V2|K7W8V2_9GAMM",90.2,143,14,0,1,143,9,151,5.7e-76,278.5,"tr|K7W8V2|K7W8V2_9GAMM Tryptophan halogenase (Fragment) OS=Psychrobacter sp. D8 PE=4 SV=1",148
"S1755",90,0,0,0,0,0,0,0,0,0,3,0,0,0,0,0,0,"IMVKFLHAYLERDVHELYRKVQPTWKFGVKFEWGQPGDYYFNYAFHPGPILDSVYYGGEFNDYSLGSLLISNERAPIVANEGGQLTSLIDRIPFAYHLDNGRFVGYLKEQAVADGVELLERSVDQFVPPRTAKSSTTSSPTTARSAAS",1,"THf ","Psychrobacter sp. D8",NA,"K7W8V2","S1755","tr|K7W8V2|K7W8V2_9GAMM",89,127,14,0,1,127,9,135,6.9e-66,245,"tr|K7W8V2|K7W8V2_9GAMM Tryptophan halogenase (Fragment) OS=Psychrobacter sp. D8 PE=4 SV=1",148
"S1779",84,366,407,0,0,0,0,0,0,0,0,0,0,0,0,0,0,"IMVKFLHAYLERDVHELYRKVQPTWKFGVKFEWGQPGDYYFNYAFHPGPVLDSVYYGGDFNEYSLGSMLISNERAPILTGEGGQLTSLIDRIPFAYHLDNGRFVAYLREEAVRDGVERLELSVDSFVPAEDGESLDHIVTDDGEERRF",45,"THf ","Psychrobacter sp. D8",NA,"K7W8V2","S1779","tr|K7W8V2|K7W8V2_9GAMM",98.6,143,2,0,1,143,9,151,2.6e-81,296.2,"tr|K7W8V2|K7W8V2_9GAMM Tryptophan halogenase (Fragment) OS=Psychrobacter sp. D8 PE=4 SV=1",148
"S1792",101,0,3,0,0,0,0,0,0,0,0,0,0,0,0,0,0,"IMVKFLHAYLERDVHELYRKVQPTWKFGVKFEWGQPGDYYFNYAFHPGPVLDSVYYGGDFNEYSLGSMLISNERAPILTGEGGQLTSLIDRIPSPTTSTTAASSPTCARRPCATAWSALSCPSTPSSRLRMARASTTSSPTTARSAAS",1,"THf ","Psychrobacter sp. D8",NA,"K7W8V2","S1792","tr|K7W8V2|K7W8V2_9GAMM",100,92,0,0,1,92,9,100,7.5e-52,198.4,"tr|K7W8V2|K7W8V2_9GAMM Tryptophan halogenase (Fragment) OS=Psychrobacter sp. D8 PE=4 SV=1",148
"S1874",1,0,0,0,0,0,0,0,0,0,0,0,0,0,0,3,0,"IVGVGEATTGLFTTFIRNLSNEREFLRETKASFKLGILHRNWTGDGSYYLGPLNDDRQLGIPAVPPETYPYYFAAPVAEGEPAWENVLNSRLMLDHLAPYSRPPGQPEQSAWDYAYHFDTHIVGAYLRSKCEGVTHIEGTVEAVNLGPGSGHVRSVTL",1,"TH ","Devosia psychrophila ","SAMN04488059_11612","A0A0F5Q235","S1874","tr|A0A0F5Q235|A0A0F5Q235_9RHIZ",36.2,160,98,3,2,158,47,205,3.6e-20,93.2,"tr|A0A0F5Q235|A0A0F5Q235_9RHIZ Tryptophan halogenase OS=Devosia psychrophila GN=SAMN04488059_11612 PE=4 SV=1",158
"S2083",54,0,0,0,0,5,11,0,6,0,0,4,0,0,0,0,0,"NINRTLAMIGIDELEFMKAVDATFKASIRFVNWLDGERRFYHHPFSRFGAGLRDDAGRRWLMSDRSVPYMNTVSAQPVLCELGLAPKAFDQPDLGIPVGYAFHMNALKYADYLRDFSTARGVTHHLEHVTDIELAEDGRIAALATRGRRR",4,"TH ","Woeseia sp. ","CMO98_08625","A0A2E6EA89","S2083","tr|A0A2E6EA89|A0A2E6EA89_9GAMM",76.2,147,35,0,1,147,56,202,4.6e-65,242.3,"tr|A0A2E6EA89|A0A2E6EA89_9GAMM Tryptophan halogenase OS=Woeseia sp. GN=CMO98_08625 PE=4 SV=1",150
"S2086",2,0,0,0,0,6,16,0,13,0,0,19,0,3,0,3,0,"NINRTLAMIGIDELEFMKAVDATFKASIRFVNWLDGERRFYHHPFSRFGAGLRDDAGRRWLMSDRSVPYMNTVSAQPVLCELGLAPKAYDQPDLGIPVGYAFHMNALKYADYLRDFSTARGVTHHLEHVTDIELAEDGRIKALATRGGRRLE",12,"TH ","Woeseia sp. ","CMO98_08625","A0A2E6EA89","S2086","tr|A0A2E6EA89|A0A2E6EA89_9GAMM",75.5,151,37,0,1,151,56,206,3.2e-66,246.1,"tr|A0A2E6EA89|A0A2E6EA89_9GAMM Tryptophan halogenase OS=Woeseia sp. GN=CMO98_08625 PE=4 SV=1",152
"S2091",44,0,0,0,0,0,0,4,0,0,0,0,4,0,5,0,0,"NINRTLAMIGIDELEFMKGVDATFKASIRFVNWLDGKRRFYHHPFSRFGAGLRDDAGRRWLMSDRSVPYMNTVSAQPVLCELGLAPKAFDQPDLGIPVGYAFHMNALKYADYLRDFSTARGVTHHLEHVTDIETSEDGSIAALATRSGRRLQ",3,"TH ","Woeseia sp. ","CMO98_08625","A0A2E6EA89","S2091","tr|A0A2E6EA89|A0A2E6EA89_9GAMM",75.5,151,37,0,1,151,56,206,4.2e-66,245.7,"tr|A0A2E6EA89|A0A2E6EA89_9GAMM Tryptophan halogenase OS=Woeseia sp. GN=CMO98_08625 PE=4 SV=1",152
"S2095",507,0,0,0,0,0,0,0,0,0,0,0,0,0,0,0,3,"NIRGTLAAIGIDEIDFLKAVDGTFKQSIRFVNWLDERRRFYHHPFSRYSSGPHDAGRRWLMARGRRY",1,"TH ","Dehalococcoidales bacterium ","CL877_08920","A0A2E9M8J4","S2095","tr|A0A2E9M8J4|A0A2E9M8J4_9CHLR",76.2,63,14,1,1,62,56,118,3e-24,105.5,"tr|A0A2E9M8J4|A0A2E9M8J4_9CHLR Tryptophan halogenase OS=Dehalococcoidales bacterium GN=CL877_08920 PE=4 SV=1",67
"S2105",0,0,0,0,0,0,0,0,0,0,0,0,0,0,0,9,6,"NIRSTLAAIGIDETEFLRAVDGTFKQSIRFVNWLDGPQSGNGTGAGPAQAPRTVQGLIAPERRSRHGFFHHPFSRYSSGIEDAGRRWLMSDRSVPFINTVSAQPVLCEMGLAPKTLGNRDAGMSLDYAFHMDAQKFAHQLTAHATARGVEHHLDLVVGVD",3,"TH ","Dehalococcoidales bacterium ","CL877_08920","A0A2E9M8J4","S2105","tr|A0A2E9M8J4|A0A2E9M8J4_9CHLR",55.9,161,42,2,1,160,56,188,1.4e-43,171,"tr|A0A2E9M8J4|A0A2E9M8J4_9CHLR Tryptophan halogenase OS=Dehalococcoidales bacterium GN=CL877_08920 PE=4 SV=1",160
"S2152",77,0,0,0,0,0,0,3,0,0,0,0,0,0,0,0,0,"PCPCICMSTWASTATSSIARSAPAGSWVCASSGARRTCPTSTTPSTSTSTSASKASPAGTPSTASTTCVTLAHSTRSWIATAPRRTSATAASRSTRARPITNASFIDYLERKSVASGAELIADQVVSVERNESGGVGSLRLAGGRELEA",1,"TH ","Citromicrobium sp. ","CL803_06560","A0A2D9ICU6","S2152","tr|A0A2D9ICU6|A0A2D9ICU6_9SPHN",45.5,44,24,0,105,148,171,214,2e-04,40.8,"tr|A0A2D9ICU6|A0A2D9ICU6_9SPHN Tryptophan halogenase OS=Citromicrobium sp. GN=CL803_06560 PE=4 SV=1",149
"S2173",59,0,3,0,0,0,0,0,0,0,0,0,0,0,0,0,0,"PGAPAPARVPQDQPRRVPPRGAPQLEAGAAPGVGRGRCPALQLPVRAPPREACARARQTGRLLLPRRPQGLQRLPRDDDRNRSPATLEGRSFAIDPRAAYHLPNTRFIDYLRRQSLESGASLIEDEVQEVVRAESGDVDALRLQSGREVRG",1,"TH ","Altererythrobacter epoxidivorans ","AMC99_02455","A0A0M4LWL3","S2173","tr|A0A0M4LWL3|A0A0M4LWL3_9SPHN",42.6,54,30,1,99,151,157,210,9.7e-07,48.5,"tr|A0A0M4LWL3|A0A0M4LWL3_9SPHN Tryptophan halogenase OS=Altererythrobacter epoxidivorans GN=AMC99_02455 PE=4 SV=1",151
"S2247",75,0,0,0,4,0,0,0,0,0,0,0,0,0,0,0,0,"PSWSSSSTPTSNGTCTSSTARCSPPGSSGSSSSGASPGDYYFNYAFHPGPILDSVYYGGAFNDYSLGSLLISNERAPIVTNEGGQLTSLIDRIPFAYHLDNGRFVAYLKEQAVADGVELLERSVTDFIPADDGESLDHIVTDDGEERRF",1,"THf ","Psychrobacter sp. D8",NA,"K7W8V2","S2247","tr|K7W8V2|K7W8V2_9GAMM",84.9,106,16,0,39,144,46,151,4.1e-50,192.6,"tr|K7W8V2|K7W8V2_9GAMM Tryptophan halogenase (Fragment) OS=Psychrobacter sp. D8 PE=4 SV=1",149
"S2248",76,0,0,0,0,0,0,0,0,0,0,0,0,3,0,0,0,"PSWSSSSTPTSNGTCTSSTARCSPPGSSGSSSSGASPGTTTSTTPSTPAPSSIRSTTVASSTNTLSAPCSSPTSAPPIVTNEGGQLTSLIDRIPFAYHLDNGRFVAYLKEQAVADGVELLERSVTDFIPAEDGESLDHIVTDDGEERRF",1,"THf ","Psychrobacter sp. D8",NA,"K7W8V2","S2248","tr|K7W8V2|K7W8V2_9GAMM",82.1,67,12,0,78,144,85,151,1.4e-26,114.4,"tr|K7W8V2|K7W8V2_9GAMM Tryptophan halogenase (Fragment) OS=Psychrobacter sp. D8 PE=4 SV=1",149
"S2277",5,0,0,0,0,0,0,0,0,0,0,0,0,0,0,3,0,"QHPRHPCRHRHRRDRLSQGRGRHVQAVHSLRQLAGPAAPLLPPPVQPLQLGTARRWSALADERPVRPLHKHVSAQPVFCEMGLAPKTLANQDAGFSLDYAFHMDAQKFAHQLTEFATARGVTHHLDDVVDVDMLGNGHIAAVRTESGERIEADLFV",1,"TH ","Dehalococcoidales bacterium ","CL877_08920","A0A2E9M8J4","S2277","tr|A0A2E9M8J4|A0A2E9M8J4_9CHLR",56.3,103,42,2,54,156,113,212,2e-23,104,"tr|A0A2E9M8J4|A0A2E9M8J4_9CHLR Tryptophan halogenase OS=Dehalococcoidales bacterium GN=CL877_08920 PE=4 SV=1",156
"S2702",94,0,0,0,0,0,0,0,3,0,0,0,0,0,0,0,0,"SWSSSSTPTSNAMSTSSTRRCSPPGSSASSSSGASPATTISTTPSTPAPSSTPSTTAATSTSTLSARSSSPTSAPPIVANEGGQLTSLIDRIPFAYHLDNGRFVAYLKEQAVRDGVELLELSVTEFVPTEDGEALDHVVTDDGEERRF",1,"THf ","Psychrobacter sp. D8",NA,"K7W8V2","S2702","tr|K7W8V2|K7W8V2_9GAMM",83.6,67,11,0,77,143,85,151,1.3e-27,117.9,"tr|K7W8V2|K7W8V2_9GAMM Tryptophan halogenase (Fragment) OS=Psychrobacter sp. D8 PE=4 SV=1",148
"S2870",26,3,4,0,0,0,0,0,0,0,0,0,0,0,0,0,0,"TIKENFFDVLEIPEEQWMPACHATFKMGIRFVNWKHSPSEGGDRYYHCFGEFPAVEEVPLSHVWHLRHRNGDPTPMEYACYVAPHLCDSCLAPCDTEGRKAEHYAYHIDAKRLADFLRDWSVQRGVSHVSDTVLGVQLDDAGNIAELVGESGRV",1,"TH ","Myxococcus fulvus ","prnA","Q9RPF9","S2870","tr|Q9RPF9|Q9RPF9_MYXFU",53.9,154,70,1,1,153,61,214,7.5e-47,181.8,"tr|Q9RPF9|Q9RPF9_MYXFU Tryptophan halogenase OS=Myxococcus fulvus GN=prnA PE=4 SV=1",154
"S2892",70,7,7,0,0,0,0,0,0,0,0,0,0,0,0,0,0,"TLITLHDLLKIKEQDFLRAVQGTFKLGISFENWRDVGEDYIHSFGWTGQDSWAAGFQHFWLKGRKLGISREFGEYCREWLAAKRNRFAVMAKQGLNYAYHIDASLYARFLRGMAQAHGAVRQEGR",2,"TH ","marine gamma proteobacterium HTCC2080 ","MGP2080_05997","A0Z0U8","S2892","tr|A0Z0U8|A0Z0U8_9GAMM",75.2,125,31,0,1,125,55,179,3.6e-55,209.1,"tr|A0Z0U8|A0Z0U8_9GAMM Tryptophan halogenase OS=marine gamma proteobacterium HTCC2080 GN=MGP2080_05997 PE=4 SV=1",125
"S2893",30,5,7,0,0,0,0,0,0,0,0,0,0,0,0,0,0,"TLITLHDLLKIKEQDFLRAVQGTFKLGISFENWRDVGEDYIHSFGWTGQDSWAAGFQHFWLKGRKLGISREFGEYCREWLAAKRNRFAVMAKQGLNYAYHIDASLYARFLRGMAQAHGAVRQEGRIDGVEQDPASGYITGLRLQSGQLVEGDL",1,"TH ","marine gamma proteobacterium HTCC2080 ","MGP2080_05997","A0Z0U8","S2893","tr|A0Z0U8|A0Z0U8_9GAMM",72.4,152,42,0,1,152,55,206,6.1e-65,241.9,"tr|A0Z0U8|A0Z0U8_9GAMM Tryptophan halogenase OS=marine gamma proteobacterium HTCC2080 GN=MGP2080_05997 PE=4 SV=1",153
"S2921",24,0,0,0,97,277,12,7,43,171,183,23,8,42,0,0,0,"TLITYHDLIKVKEQDFLKATQGTFKLGIKFESWRDVNEDYIHSFGWTGKDSWAAGFQHFWLKGLKMGIAREFGEYCNEWAAAVQNKFAVMPSLGLNYAYHIDASLYAKFLRGLAEEHGAVRQEGKIEFVEQDLDSGYITAIRLQSGQVI",59,"TH ","marine gamma proteobacterium HTCC2080 ","MGP2080_05997","A0Z0U8","S2921","tr|A0Z0U8|A0Z0U8_9GAMM",68.5,149,47,0,1,149,55,203,5.2e-61,228.8,"tr|A0Z0U8|A0Z0U8_9GAMM Tryptophan halogenase OS=marine gamma proteobacterium HTCC2080 GN=MGP2080_05997 PE=4 SV=1",149
"S2926",86,0,0,0,0,0,0,0,0,0,3,0,0,0,0,0,0,"TLITYHDLIKVKEQDFLKATQGTFKLGIKFESWRDVNEDYIHSFGWTGKDSWAAGFQHFWLKGLKMGIAREFGEYCNEWAAAVQNKFAVMPSLGLNYAYHIDASLYAKFLRGLAEEHGAVRQEGRSNSSSKTWTAAISPRSACNRARS",1,"TH ","Halieaceae bacterium ","CME49_01475","A0A2D9NM13","S2926","tr|A0A2D9NM13|A0A2D9NM13_9GAMM",71.2,125,36,0,1,125,54,178,1.6e-54,207.2,"tr|A0A2D9NM13|A0A2D9NM13_9GAMM Tryptophan halogenase OS=Halieaceae bacterium GN=CME49_01475 PE=4 SV=1",148
"S2934",89,0,0,0,0,0,0,0,3,0,0,0,0,0,0,0,0,"TLITYHDLIKVKEQDFLKATQGTFKLGIKFESWRDVNEDYIHSFGWTGKDSWAAGFQHFWLKGLQMGISREFGEYCNEWAAAVQNKFAAMPSLGLNYAYPSTHRCTRNSCAASPRSTALCGRKARSNSSSKTRTRAISPRSVCNRARS",1,"TH ","marine gamma proteobacterium HTCC2080 ","MGP2080_05997","A0Z0U8","S2934","tr|A0Z0U8|A0Z0U8_9GAMM",71.7,99,28,0,1,99,55,153,1.1e-42,167.9,"tr|A0Z0U8|A0Z0U8_9GAMM Tryptophan halogenase OS=marine gamma proteobacterium HTCC2080 GN=MGP2080_05997 PE=4 SV=1",148
"S2941",83,0,0,0,0,0,219,78,233,5,0,0,0,0,0,0,0,"TLITYHDLIKVKEQDFLKATQGTFKLGIKFESWRDVNEDYIHSFGWTGKDSWAAGFQHFWLKGLQMGISREFGEYCNEWAAAVQNKFAVMPSLGLNYAYHIDASLYAKFLRGLAEEHGAVRQEGKIEFVEQDPDSGYITAIRLQSGQV",33,"TH ","marine gamma proteobacterium HTCC2080 ","MGP2080_05997","A0Z0U8","S2941","tr|A0Z0U8|A0Z0U8_9GAMM",70.1,147,44,0,1,147,55,201,1.4e-61,230.7,"tr|A0Z0U8|A0Z0U8_9GAMM Tryptophan halogenase OS=marine gamma proteobacterium HTCC2080 GN=MGP2080_05997 PE=4 SV=1",148
"S2971",91,0,0,0,0,0,3,0,0,0,0,0,0,0,0,0,0,"TLITYRDLIKVKEQDFLKATQGTFKLGIKFESWRDVNEDYIHSFGWTGKDSWAAGFQHFWLKGLQMSISREFGEYCNEWAAAVQNKFAVMPSLGLNNAYHIDASLYAKFPRGLAEEHGAVRQEGKIEFVGQDPDSGYITAIRLQSGQV",1,"TH ","marine gamma proteobacterium HTCC2080 ","MGP2080_05997","A0Z0U8","S2971","tr|A0Z0U8|A0Z0U8_9GAMM",67.3,147,48,0,1,147,55,201,1.2e-57,217.6,"tr|A0Z0U8|A0Z0U8_9GAMM Tryptophan halogenase OS=marine gamma proteobacterium HTCC2080 GN=MGP2080_05997 PE=4 SV=1",148
"S2975",63,0,0,0,14,0,0,0,0,0,0,0,0,0,0,0,0,"TLLTFHELIKVKEQDFLRATQGTFKLGIKFESWRDVGEDYIHSFGWTGKDSWAAGFQHFWLKGMKLGISREFGEYCNEWLAAVRNRFAVLPSQGLNYAYHIDASLYARFLRNMAEEFGAVRQEGRIEFVEQDPESGYVTALRLQSGQVI",3,"TH ","marine gamma proteobacterium HTCC2080 ","MGP2080_05997","A0Z0U8","S2975","tr|A0Z0U8|A0Z0U8_9GAMM",71.1,149,43,0,1,149,55,203,1.2e-62,234.2,"tr|A0Z0U8|A0Z0U8_9GAMM Tryptophan halogenase OS=marine gamma proteobacterium HTCC2080 GN=MGP2080_05997 PE=4 SV=1",149
"S2979",131,0,0,0,0,3,0,0,0,0,0,0,0,0,0,0,0,"TLLTLHELLKIKEQDFLRAVQGTFKLGISFENWRDLGEDYIHSFGWTGQDSWAAGFQHFCSRAGKWASAGSLASTARSGWPPSETASRSWPSRASTTPTTSMLRCMRASCAAWPKSTVPCGRRAALTGWSRIRAADSSQACACSRD",1,"TH ","Halieaceae bacterium ","CME49_01475","A0A2D9NM13","S2979","tr|A0A2D9NM13|A0A2D9NM13_9GAMM",83.9,62,10,0,1,62,54,115,1.1e-26,114.8,"tr|A0A2D9NM13|A0A2D9NM13_9GAMM Tryptophan halogenase OS=Halieaceae bacterium GN=CME49_01475 PE=4 SV=1",146
"S3006",68,0,0,48,182,201,35,36,55,39,113,33,0,58,25,11,12,"TLLTLHELLKIKEQDFLRAVQGTFKLGISFENWRDLGEDYIHSFGWTGQDSWAAGFQHFWLKGRKMGISREFGEYCKEWLAAKRNRFAVMAKQGLNYAYHIDASLYARFLRGMAEEHGAVRQEGRIDRVEQDPGSGFITGLRLQSGQL",67,"TH ","marine gamma proteobacterium HTCC2080 ","MGP2080_05997","A0Z0U8","S3006","tr|A0Z0U8|A0Z0U8_9GAMM",74.8,147,37,0,1,147,55,201,2.9e-64,239.6,"tr|A0Z0U8|A0Z0U8_9GAMM Tryptophan halogenase OS=marine gamma proteobacterium HTCC2080 GN=MGP2080_05997 PE=4 SV=1",148
"S3022",65,5,6,0,0,0,0,0,0,0,0,0,0,0,0,0,0,"TLLTLHELLKIKEQDFLRAVQGTFKLGISFENWRDVGEDYIHSFGWTGHDSWAAGFQHFWLKGRKMGISREFGEYCKEWLAARQNRFAVMPKQGLNYAYHIDASLYARFLRGMAEEYGAVRQEGRIDSVQQDPGSGFITGLRLQSGQLVEG",1,"TH ","marine gamma proteobacterium HTCC2080 ","MGP2080_05997","A0Z0U8","S3022","tr|A0Z0U8|A0Z0U8_9GAMM",75.5,151,37,0,1,151,55,205,1.9e-66,246.9,"tr|A0Z0U8|A0Z0U8_9GAMM Tryptophan halogenase OS=marine gamma proteobacterium HTCC2080 GN=MGP2080_05997 PE=4 SV=1",151
"S3029",123,0,0,0,8,25,0,0,0,0,0,0,0,0,0,0,0,"TLLTLHELLKIKEQDFLRAVQGTFKLGISFENWRDVGEDYIHSFGWTGQDSWAAGFQHFWLKGRKMGISRDFGEYCKEWLAAKRNRFAVMAKQGLNYAYHIDASLYARFLRGMAEEHGAVRQEGRIDRVEQDPGQRLHHRPAPAVGT",8,"TH ","marine gamma proteobacterium HTCC2080 ","MGP2080_05997","A0Z0U8","S3029","tr|A0Z0U8|A0Z0U8_9GAMM",77.1,131,30,0,1,131,55,185,8.2e-59,221.5,"tr|A0Z0U8|A0Z0U8_9GAMM Tryptophan halogenase OS=marine gamma proteobacterium HTCC2080 GN=MGP2080_05997 PE=4 SV=1",147
"S3050",67,0,0,0,0,0,3,0,0,0,0,0,0,0,10,0,0,"TLLTLHELLKIKEQDFVKAVQGTFKLGISFESWRDVGEDYIHSFGWTGKDSWAAGFQHFWLKGQKMGISREFGEYCKEWVAAKQSRFAVLPNHALNYAYHFDASLYARFLRGMAEEHGAARREGRIEVVEQDPASGNITGIRLQSGDLV",3,"TH ","marine gamma proteobacterium HTCC2080 ","MGP2080_05997","A0Z0U8","S3050","tr|A0Z0U8|A0Z0U8_9GAMM",75.2,149,37,0,1,149,55,203,7.7e-65,241.5,"tr|A0Z0U8|A0Z0U8_9GAMM Tryptophan halogenase OS=marine gamma proteobacterium HTCC2080 GN=MGP2080_05997 PE=4 SV=1",149
"S3054",15,0,0,15,0,68,87,30,10,0,0,0,8,0,5,19,14,"TLLTLHELLKIKEQDFVRAVQGTFKLGISFESWRDVGLDYIHSFGWTGKDSWAAGFQHFWLKGRQRGISREFGEYCKEWAAARRDRFAVLPNGGLNYAYHLDASLYAAFLRRMAEDNGAVRREGRIESVERDPESGFLTALRLQSGQRVEG",12,"TH ","marine gamma proteobacterium HTCC2080 ","MGP2080_05997","A0Z0U8","S3054","tr|A0Z0U8|A0Z0U8_9GAMM",72.8,151,41,0,1,151,55,205,3.5e-65,242.7,"tr|A0Z0U8|A0Z0U8_9GAMM Tryptophan halogenase OS=marine gamma proteobacterium HTCC2080 GN=MGP2080_05997 PE=4 SV=1",151
"S3059",16,0,0,0,0,0,3,13,0,0,0,0,4,11,0,9,0,"TLLTLHELLKIKEQDFVRAVQGTFKLGISFESWRDVGRDYIHSFGWTGKDSWAAGFQHFWLKGRQRGISREFGEYCKEWAAARRDRFAVLPNGGLNYAYHLDASLYAAFLRRMAEEHGTVRQEGRIESVEQDSESGFITAVRLQSGQRVAG",6,"TH ","marine gamma proteobacterium HTCC2080 ","MGP2080_05997","A0Z0U8","S3059","tr|A0Z0U8|A0Z0U8_9GAMM",74.2,151,39,0,1,151,55,205,2.4e-66,246.5,"tr|A0Z0U8|A0Z0U8_9GAMM Tryptophan halogenase OS=marine gamma proteobacterium HTCC2080 GN=MGP2080_05997 PE=4 SV=1",151
"S3068",135,0,0,6,0,0,0,27,0,0,0,0,3,0,5,4,4,"TLLTLHELLKVKEQDFVRAVQGTFKLGISFENWRDLGKNYIHSFGWTGRDSWAAGFQHFWLKGQRMGIAREFGEYCKEWLAAKQSRFAVLPSQGLNYAYHFDASLYAAFLRAMAEEHGAVRQEGRIQAVEQDETGFITAIKLQS",4,"TH ","marine gamma proteobacterium HTCC2080 ","MGP2080_05997","A0Z0U8","S3068","tr|A0Z0U8|A0Z0U8_9GAMM",74.5,145,36,1,1,144,55,199,8.3e-64,238,"tr|A0Z0U8|A0Z0U8_9GAMM Tryptophan halogenase OS=marine gamma proteobacterium HTCC2080 GN=MGP2080_05997 PE=4 SV=1",144
"S3069",110,0,0,0,0,0,0,0,0,0,0,0,0,0,0,4,0,"TLLTLHELLKVKEQDFVRAVQGTFKLGISFENWRDLGKNYIHSFGWTGRDSWAAGFQHFWLKGRAWGSPRNSANTARNGWPPSKTALPCCRAKVSTMPITSTPRAMPRSCAPWPRSTARCGRRGASRRSCRTPRPVSSPPCNYSRASA",1,"TH ","marine gamma proteobacterium HTCC2080 ","MGP2080_05997","A0Z0U8","S3069","tr|A0Z0U8|A0Z0U8_9GAMM",67.9,84,26,1,1,84,55,137,1e-29,124.8,"tr|A0Z0U8|A0Z0U8_9GAMM Tryptophan halogenase OS=marine gamma proteobacterium HTCC2080 GN=MGP2080_05997 PE=4 SV=1",148
"S3075",111,0,0,0,71,3,0,0,0,7,0,0,0,0,3,12,0,"TLLTLHELLKVKEQDFVRAVQGTFKLGISFENWRDLGKNYIHSFGWTGRDSWAAGFQHFWLKGRRMGIAQEFGEYCKEWLAAKQNRFAVLPSQGLNYAYHFDASRYAAFLRAMAEEHGAVRQEGRIEAVLQDSETGFITALQLQS",11,"TH ","marine gamma proteobacterium HTCC2080 ","MGP2080_05997","A0Z0U8","S3075","tr|A0Z0U8|A0Z0U8_9GAMM",77.2,145,33,0,1,145,55,199,3.1e-66,246.1,"tr|A0Z0U8|A0Z0U8_9GAMM Tryptophan halogenase OS=marine gamma proteobacterium HTCC2080 GN=MGP2080_05997 PE=4 SV=1",145
"S3076",64,0,0,0,0,0,0,3,0,9,0,5,0,3,0,43,0,"TLLTLHELLKVKEQDFVRAVQGTFKLGISFENWRDLGKNYIHSFGWTGRDSWAAGFQHFWLKGRRMGIAQEFGEYCKEWLAAKQNRFAVLPSQGLNYAYHFDASRYAAFLRAMAEEHGAVRQEGRIEAVLQDSETGFITALQLQSGQR",9,"TH ","marine gamma proteobacterium HTCC2080 ","MGP2080_05997","A0Z0U8","S3076","tr|A0Z0U8|A0Z0U8_9GAMM",77,148,34,0,1,148,55,202,1.3e-67,250.8,"tr|A0Z0U8|A0Z0U8_9GAMM Tryptophan halogenase OS=marine gamma proteobacterium HTCC2080 GN=MGP2080_05997 PE=4 SV=1",148
"S3091",113,0,0,0,0,0,0,0,0,0,0,7,0,0,0,0,0,"TLLTLHELLKVKEQDFVRAVQGTFKLGISFENWRDLGKNYIHSFGWTGRDSWAAGFQHFWLKGRRMGIARDFGEYCKEWLAAKQNRFAVLPSQGLNYAYHFDASRYAAFLRAMAEEHGAVRQEGRIEAVLQDSETGFITALQLQSGQR",2,"TH ","marine gamma proteobacterium HTCC2080 ","MGP2080_05997","A0Z0U8","S3091","tr|A0Z0U8|A0Z0U8_9GAMM",77.7,148,33,0,1,148,55,202,3.3e-68,252.7,"tr|A0Z0U8|A0Z0U8_9GAMM Tryptophan halogenase OS=marine gamma proteobacterium HTCC2080 GN=MGP2080_05997 PE=4 SV=1",148
"S3094",50,0,0,0,0,0,0,0,4,0,0,0,0,0,0,0,0,"TLLTLHELPKIKEQDFLRAVQGTFKLGISFENWRDLGEDYIHSFGWTGQDSWAAGFQHFWLKGRKMGISREFGEYCKEWLAAKRNRFAVMAKQGLNYAYHIDASLYARFLRGMPKSTVPCGRRAALTGWSRIRAADSSQACACSRDSLWKGT",1,"TH ","Halieaceae bacterium ","CME49_01475","A0A2D9NM13","S3094","tr|A0A2D9NM13|A0A2D9NM13_9GAMM",75.2,113,28,0,1,113,54,166,4.2e-50,192.6,"tr|A0A2D9NM13|A0A2D9NM13_9GAMM Tryptophan halogenase OS=Halieaceae bacterium GN=CME49_01475 PE=4 SV=1",152
"S3103",10,0,0,0,19,27,3,21,3,9,40,15,3,0,22,6,14,"TLLTLHEVLKIKEQDFVRAVQGTFKLGISFESWRDLGRDYIHSFGWTGKDSWAAGFQHFWLKGRRRGISREFGEYCKEWAAARQDRFAVLPNGGLNYAYHLDASLYAGFLRRMAEEHGAVRQEGRIESVERDSESGFITAVRLQSGQRVAG",16,"TH ","marine gamma proteobacterium HTCC2080 ","MGP2080_05997","A0Z0U8","S3103","tr|A0Z0U8|A0Z0U8_9GAMM",73.5,151,40,0,1,151,55,205,1.2e-65,244.2,"tr|A0Z0U8|A0Z0U8_9GAMM Tryptophan halogenase OS=marine gamma proteobacterium HTCC2080 GN=MGP2080_05997 PE=4 SV=1",151
"S3105",61,0,0,0,0,0,0,0,0,0,0,4,0,0,0,0,0,"TLLTLHEVLKIKEQDFVRAVQGTFKLGISFESWRDLGRDYIHSFGWTGKDSWAAGFQHFWLKGRRRGISREFGEYCKEWAAARQDRFAVLPNGGSTTPITSTRRSMRGSCAAWPRSTAPCVRKAASKAWSGIRRAASSRPSGCSPGSASQA",1,"TH ","marine gamma proteobacterium HTCC2080 ","MGP2080_05997","A0Z0U8","S3105","tr|A0Z0U8|A0Z0U8_9GAMM",80.4,92,18,0,1,92,55,146,8.4e-43,168.3,"tr|A0Z0U8|A0Z0U8_9GAMM Tryptophan halogenase OS=marine gamma proteobacterium HTCC2080 GN=MGP2080_05997 PE=4 SV=1",151
"S3117",60,0,0,0,0,0,0,0,0,18,3,0,0,0,0,0,0,"TLQTLHELLKIKEQDFVKAVQGTFKLGISFENWRNVGEDYIHSFGWTGKDSWAAGFQHFWLKGHKMGISREFGEYCKEWVAAKQSRFAVLPNHALNYAYHFDASLYARFLRGMAEEHGAVRREGRIEVVEQDPTSGFITGIRLQSGEVVPG",3,"TH ","marine gamma proteobacterium HTCC2080 ","MGP2080_05997","A0Z0U8","S3117","tr|A0Z0U8|A0Z0U8_9GAMM",75.5,151,37,0,1,151,55,205,3.2e-66,246.1,"tr|A0Z0U8|A0Z0U8_9GAMM Tryptophan halogenase OS=marine gamma proteobacterium HTCC2080 GN=MGP2080_05997 PE=4 SV=1",151
"S3132",27,0,0,0,0,0,0,21,0,8,0,0,0,0,9,4,0,"TLQTLHELLKIKEQDFVRAVQGTFKLGISFENWRDIGRNYIHSFGWTGQDSWAAGFQHFWLKGRRMGISREFGEYCKEWVAAKQRRFAVLPNHGLNYAYHFDASLYARFLRTMAEEHGAVRQEGRIEVVEQDPATGFITGLRLQSGQLVPGDL",3,"TH ","marine gamma proteobacterium HTCC2080 ","MGP2080_05997","A0Z0U8","S3132","tr|A0Z0U8|A0Z0U8_9GAMM",76.3,152,36,0,1,152,55,206,7.7e-68,251.5,"tr|A0Z0U8|A0Z0U8_9GAMM Tryptophan halogenase OS=marine gamma proteobacterium HTCC2080 GN=MGP2080_05997 PE=4 SV=1",153
"S3133",9,0,0,0,3,14,0,24,0,0,0,0,0,3,4,38,10,"TLQTLHELLKIKEQDFVRAVQGTFKLGISFENWRDIGRNYIHSFGWTGQDSWAAGFQHFWLKGRRMGISREFGEYCKEWVAAKQRRFAVLPNHGLNYAYHFDASLYARFLRTMAEEHGAVRQEGRIEVVEQDPATGFITGLRLQSGQLVPGDLF",13,"TH ","marine gamma proteobacterium HTCC2080 ","MGP2080_05997","A0Z0U8","S3133","tr|A0Z0U8|A0Z0U8_9GAMM",76,154,37,0,1,154,55,208,1.6e-68,253.8,"tr|A0Z0U8|A0Z0U8_9GAMM Tryptophan halogenase OS=marine gamma proteobacterium HTCC2080 GN=MGP2080_05997 PE=4 SV=1",154
"S3134",168,0,0,0,0,0,0,3,0,0,0,0,0,0,0,3,0,"TLQTLHELLKIKEQDFVRAVQGTFKLGISFENWRDIGRNYIHSFGWTGQDSWAAGFQHFWLKGRRMGISREFGEYCKEWVAAKQRRFAVLPNHGLNYAYHFDASLYARFLRTMARGRRY",1,"TH ","Gammaproteobacteria bacterium ","CMP97_05445","A0A2E1UEX3","S3134","tr|A0A2E1UEX3|A0A2E1UEX3_9GAMM",80.7,114,22,0,1,114,55,168,2.7e-52,199.5,"tr|A0A2E1UEX3|A0A2E1UEX3_9GAMM Tryptophan halogenase OS=Gammaproteobacteria bacterium GN=CMP97_05445 PE=4 SV=1",119
"S3238",40,0,0,0,0,0,0,0,0,0,0,0,0,0,0,0,3,"TVPLHLHEHLGIDRNEFHKEVRPSWKLGLRFEWGAKDVPHFNYTFDKYLDQRIEGLSKWNAFYCLHDMRDASSFNAIMDRDRSPATIRNGRLSLDPRATYHIPNASFINFLERRSVASGAELIADQVVGVERNESGGVKSLKLAGGRELEADL",1,"TH ","Calothrix sp. NIES-2100 ","NIES2100_12410","A0A1Z4GVL5","S3238","tr|A0A1Z4GVL5|A0A1Z4GVL5_9CYAN",40.3,154,88,2,3,153,55,207,4.9e-30,125.9,"tr|A0A1Z4GVL5|A0A1Z4GVL5_9CYAN Tryptophan halogenase OS=Calothrix sp. NIES-2100 GN=NIES2100_12410 PE=4 SV=1",153
"S3248",41,0,0,3,19,0,0,0,0,0,0,0,0,0,0,0,0,"TVPVHLHEHLGIDRNEFHKEVRPSWKLGLRFEWGAKDVPHFNYTFDKYLDQKIEGLSRWNAFYCLHDLRDASTFNAIMDRNRSPATIRNGRLSLDPRATYHIPNASFIDYLERESVASGAELIADQVVSVKRNE",5,"TH ","Calothrix sp. NIES-2100 ","NIES2100_12410","A0A1Z4GVL5","S3248","tr|A0A1Z4GVL5|A0A1Z4GVL5_9CYAN",40.7,135,76,2,3,134,55,188,7.5e-27,115.2,"tr|A0A1Z4GVL5|A0A1Z4GVL5_9CYAN Tryptophan halogenase OS=Calothrix sp. NIES-2100 GN=NIES2100_12410 PE=4 SV=1",134
"S3275",35,0,0,0,0,12,0,17,0,3,3,84,66,322,0,7,0,"TVPVHLHEHLGIDRNEFHREVRPSWKLGLRFEWGAKDVHHFNYTFDKYLDQRIEGLSRWNAFYCLHEMRDASAFNAIMDRDRSPANIRNGRLSLDPRATYHIPNASFIDYLERKSVASGAELIADQVVSVERNQSGGVKSLRLAGGRELEA",39,"TH ","Calothrix sp. NIES-2100 ","NIES2100_12410","A0A1Z4GVL5","S3275","tr|A0A1Z4GVL5|A0A1Z4GVL5_9CYAN",37.5,152,91,2,3,151,55,205,1e-27,118.2,"tr|A0A1Z4GVL5|A0A1Z4GVL5_9CYAN Tryptophan halogenase OS=Calothrix sp. NIES-2100 GN=NIES2100_12410 PE=4 SV=1",151
"S3281",81,0,0,0,0,0,0,3,0,0,0,0,0,0,0,0,0,"TVPVHLHEHLGIDRNEFHREVRPSWKLGLRFEWGAKDVPHFNYTFDKYLDQRIEGLSRWNAFYCLHDMRDASAFNAIMDRDRSPANIRNGRLSLDPRATHHQRLVYRLPGAQVGRLRSRADRRPGGERGAQRVGRSRIVETGRRSRARG",1,"TH ","Calothrix sp. NIES-2100 ","NIES2100_12410","A0A1Z4GVL5","S3281","tr|A0A1Z4GVL5|A0A1Z4GVL5_9CYAN",51.2,82,40,0,3,84,55,136,4.3e-23,102.8,"tr|A0A1Z4GVL5|A0A1Z4GVL5_9CYAN Tryptophan halogenase OS=Calothrix sp. NIES-2100 GN=NIES2100_12410 PE=4 SV=1",149
"S3290",107,0,0,0,7,0,13,45,0,0,0,0,0,0,0,67,10,"TVPVHLHEHLGIDRNEFHREVRPSWKLGLRFEWGAKDVPHFNYTFDKYLDQRIEGLSRWNAFYCLHDMRDASAFNAIMDRDRSPANIRNGRLSLDPRATYHIPNASFIDYLERKSVASGAELIADQVVSVERNESGGVGSLRLAGGRE",9,"TH ","Calothrix sp. NIES-2100 ","NIES2100_12410","A0A1Z4GVL5","S3290","tr|A0A1Z4GVL5|A0A1Z4GVL5_9CYAN",40.1,142,81,2,3,141,55,195,7.5e-28,118.6,"tr|A0A1Z4GVL5|A0A1Z4GVL5_9CYAN Tryptophan halogenase OS=Calothrix sp. NIES-2100 GN=NIES2100_12410 PE=4 SV=1",148
"S3291",57,0,0,0,0,7,0,93,0,0,0,19,17,0,0,90,0,"TVPVHLHEHLGIDRNEFHREVRPSWKLGLRFEWGAKDVPHFNYTFDKYLDQRIEGLSRWNAFYCLHDMRDASAFNAIMDRDRSPANIRNGRLSLDPRATYHIPNASFIDYLERKSVASGAELIADQVVSVERNESGGVGSLRLAGGREL",17,"TH ","Calothrix sp. NIES-2100 ","NIES2100_12410","A0A1Z4GVL5","S3291","tr|A0A1Z4GVL5|A0A1Z4GVL5_9CYAN",40.1,142,81,2,3,141,55,195,7.6e-28,118.6,"tr|A0A1Z4GVL5|A0A1Z4GVL5_9CYAN Tryptophan halogenase OS=Calothrix sp. NIES-2100 GN=NIES2100_12410 PE=4 SV=1",149
"S3310",56,0,0,0,0,0,0,0,3,0,0,0,0,0,0,0,0,"TVPVHLHEHLGIDRNEFHREVRPSWKLGLRFEWGAKDVPPFNYTFDKYLDQRIEGLSRWNAFYCLHEMRDASPFNAIMNRDRSPANIRNGRLSLDPRATYHIPNASFIDFLERKSVVSGAELIADQVTNVGRNESGGVKSLKLAGGRELEA",1,"TH ","Calothrix sp. NIES-2100 ","NIES2100_12410","A0A1Z4GVL5","S3310","tr|A0A1Z4GVL5|A0A1Z4GVL5_9CYAN",36.2,152,93,2,3,151,55,205,6.1e-25,109,"tr|A0A1Z4GVL5|A0A1Z4GVL5_9CYAN Tryptophan halogenase OS=Calothrix sp. NIES-2100 GN=NIES2100_12410 PE=4 SV=1",151
